hour_utc,hour_dk,price_area,spot_price_dkk,spot_price_eur
2025-01-01 00:00:00,2025-01-01T01:00:00,SYSTEM,32.669998,4.38
2025-01-01 01:00:00,2025-01-01T02:00:00,SYSTEM,31.92,4.28
2025-01-01 02:00:00,2025-01-01T03:00:00,SYSTEM,29.610001,3.97
2025-01-01 03:00:00,2025-01-01T04:00:00,SYSTEM,31.1,4.17
2025-01-01 04:00:00,2025-01-01T05:00:00,SYSTEM,31.17,4.18
2025-01-01 05:00:00,2025-01-01T06:00:00,SYSTEM,30.58,4.1
2025-01-01 06:00:00,2025-01-01T07:00:00,SYSTEM,36.84,4.94
2025-01-01 07:00:00,2025-01-01T08:00:00,SYSTEM,44.299999,5.94
2025-01-01 08:00:00,2025-01-01T09:00:00,SYSTEM,63.990002,8.58
2025-01-01 09:00:00,2025-01-01T10:00:00,SYSTEM,105.830002,14.19
2025-01-01 10:00:00,2025-01-01T11:00:00,SYSTEM,149.380005,20.030001
2025-01-01 11:00:00,2025-01-01T12:00:00,SYSTEM,162.130005,21.74
2025-01-01 12:00:00,2025-01-01T13:00:00,SYSTEM,164.669998,22.08
2025-01-01 13:00:00,2025-01-01T14:00:00,SYSTEM,172.130005,23.08
2025-01-01 14:00:00,2025-01-01T15:00:00,SYSTEM,185.479996,24.870001
2025-01-01 15:00:00,2025-01-01T16:00:00,SYSTEM,201.289993,26.99
2025-01-01 16:00:00,2025-01-01T17:00:00,SYSTEM,202.330002,27.129999
2025-01-01 17:00:00,2025-01-01T18:00:00,SYSTEM,186.449997,25.0
2025-01-01 18:00:00,2025-01-01T19:00:00,SYSTEM,175.110001,23.48
2025-01-01 19:00:00,2025-01-01T20:00:00,SYSTEM,170.410004,22.85
2025-01-01 20:00:00,2025-01-01T21:00:00,SYSTEM,166.679993,22.35
2025-01-01 21:00:00,2025-01-01T22:00:00,SYSTEM,169.520004,22.73
2025-01-01 22:00:00,2025-01-01T23:00:00,SYSTEM,153.779999,20.620001
2025-01-01 23:00:00,2025-01-02T00:00:00,SYSTEM,97.099998,13.02
2025-01-02 00:00:00,2025-01-02T01:00:00,SYSTEM,89.419998,11.99
2025-01-02 01:00:00,2025-01-02T02:00:00,SYSTEM,97.400002,13.06
2025-01-02 02:00:00,2025-01-02T03:00:00,SYSTEM,122.540001,16.43
2025-01-02 03:00:00,2025-01-02T04:00:00,SYSTEM,159.0,21.32
2025-01-02 04:00:00,2025-01-02T05:00:00,SYSTEM,219.639999,29.450001
2025-01-02 05:00:00,2025-01-02T06:00:00,SYSTEM,256.109985,34.34
2025-01-02 06:00:00,2025-01-02T07:00:00,SYSTEM,402.359985,53.950001
2025-01-02 07:00:00,2025-01-02T08:00:00,SYSTEM,582.700012,78.129997
2025-01-02 08:00:00,2025-01-02T09:00:00,SYSTEM,609.02002,81.660004
2025-01-02 09:00:00,2025-01-02T10:00:00,SYSTEM,528.77002,70.900002
2025-01-02 10:00:00,2025-01-02T11:00:00,SYSTEM,447.179993,59.959999
2025-01-02 11:00:00,2025-01-02T12:00:00,SYSTEM,409.070007,54.849998
2025-01-02 12:00:00,2025-01-02T13:00:00,SYSTEM,402.359985,53.950001
2025-01-02 13:00:00,2025-01-02T14:00:00,SYSTEM,448.970001,60.200001
2025-01-02 14:00:00,2025-01-02T15:00:00,SYSTEM,482.529999,64.699997
2025-01-02 15:00:00,2025-01-02T16:00:00,SYSTEM,580.460022,77.830002
2025-01-02 16:00:00,2025-01-02T17:00:00,SYSTEM,648.099976,86.900002
2025-01-02 17:00:00,2025-01-02T18:00:00,SYSTEM,620.130005,83.150002
2025-01-02 18:00:00,2025-01-02T19:00:00,SYSTEM,417.5,55.98
2025-01-02 19:00:00,2025-01-02T20:00:00,SYSTEM,395.649994,53.049999
2025-01-02 20:00:00,2025-01-02T21:00:00,SYSTEM,355.970001,47.73
2025-01-02 21:00:00,2025-01-02T22:00:00,SYSTEM,305.029999,40.900002
2025-01-02 22:00:00,2025-01-02T23:00:00,SYSTEM,259.609985,34.810001
2025-01-02 23:00:00,2025-01-03T00:00:00,SYSTEM,235.539993,31.58
2025-01-03 00:00:00,2025-01-03T01:00:00,SYSTEM,231.139999,30.99
2025-01-03 01:00:00,2025-01-03T02:00:00,SYSTEM,216.220001,28.99
2025-01-03 02:00:00,2025-01-03T03:00:00,SYSTEM,211.600006,28.370001
2025-01-03 03:00:00,2025-01-03T04:00:00,SYSTEM,211.75,28.389999
2025-01-03 04:00:00,2025-01-03T05:00:00,SYSTEM,231.289993,31.01
2025-01-03 05:00:00,2025-01-03T06:00:00,SYSTEM,260.380005,34.91
2025-01-03 06:00:00,2025-01-03T07:00:00,SYSTEM,342.790009,45.959999
2025-01-03 07:00:00,2025-01-03T08:00:00,SYSTEM,444.980011,59.66
2025-01-03 08:00:00,2025-01-03T09:00:00,SYSTEM,432.820007,58.029999
2025-01-03 09:00:00,2025-01-03T10:00:00,SYSTEM,449.149994,60.220001
2025-01-03 10:00:00,2025-01-03T11:00:00,SYSTEM,402.160004,53.919998
2025-01-03 11:00:00,2025-01-03T12:00:00,SYSTEM,357.640015,47.950001
2025-01-03 12:00:00,2025-01-03T13:00:00,SYSTEM,360.399994,48.32
2025-01-03 13:00:00,2025-01-03T14:00:00,SYSTEM,348.459991,46.720001
2025-01-03 14:00:00,2025-01-03T15:00:00,SYSTEM,429.829987,57.630001
2025-01-03 15:00:00,2025-01-03T16:00:00,SYSTEM,545.369995,73.120003
2025-01-03 16:00:00,2025-01-03T17:00:00,SYSTEM,507.700012,68.07
2025-01-03 17:00:00,2025-01-03T18:00:00,SYSTEM,470.859985,63.130001
2025-01-03 18:00:00,2025-01-03T19:00:00,SYSTEM,372.929993,50.0
2025-01-03 19:00:00,2025-01-03T20:00:00,SYSTEM,335.190002,44.939999
2025-01-03 20:00:00,2025-01-03T21:00:00,SYSTEM,302.220001,40.52
2025-01-03 21:00:00,2025-01-03T22:00:00,SYSTEM,275.140015,36.889999
2025-01-03 22:00:00,2025-01-03T23:00:00,SYSTEM,255.600006,34.27
2025-01-03 23:00:00,2025-01-04T00:00:00,SYSTEM,252.75,33.880001
2025-01-04 00:00:00,2025-01-04T01:00:00,SYSTEM,252.899994,33.900002
2025-01-04 01:00:00,2025-01-04T02:00:00,SYSTEM,249.460007,33.439999
2025-01-04 02:00:00,2025-01-04T03:00:00,SYSTEM,248.869995,33.360001
2025-01-04 03:00:00,2025-01-04T04:00:00,SYSTEM,248.570007,33.32
2025-01-04 04:00:00,2025-01-04T05:00:00,SYSTEM,252.970001,33.91
2025-01-04 05:00:00,2025-01-04T06:00:00,SYSTEM,260.950012,34.98
2025-01-04 06:00:00,2025-01-04T07:00:00,SYSTEM,270.720001,36.290001
2025-01-04 07:00:00,2025-01-04T08:00:00,SYSTEM,300.040009,40.220001
2025-01-04 08:00:00,2025-01-04T09:00:00,SYSTEM,335.399994,44.959999
2025-01-04 09:00:00,2025-01-04T10:00:00,SYSTEM,383.369995,51.389999
2025-01-04 10:00:00,2025-01-04T11:00:00,SYSTEM,402.170013,53.91
2025-01-04 11:00:00,2025-01-04T12:00:00,SYSTEM,385.23999,51.639999
2025-01-04 12:00:00,2025-01-04T13:00:00,SYSTEM,381.209991,51.099998
2025-01-04 13:00:00,2025-01-04T14:00:00,SYSTEM,437.980011,58.709999
2025-01-04 14:00:00,2025-01-04T15:00:00,SYSTEM,558.76001,74.900002
2025-01-04 15:00:00,2025-01-04T16:00:00,SYSTEM,619.780029,83.080002
2025-01-04 16:00:00,2025-01-04T17:00:00,SYSTEM,673.48999,90.279999
2025-01-04 17:00:00,2025-01-04T18:00:00,SYSTEM,670.51001,89.879997
2025-01-04 18:00:00,2025-01-04T19:00:00,SYSTEM,627.309998,84.089996
2025-01-04 19:00:00,2025-01-04T20:00:00,SYSTEM,500.570007,67.099998
2025-01-04 20:00:00,2025-01-04T21:00:00,SYSTEM,447.529999,59.990002
2025-01-04 21:00:00,2025-01-04T22:00:00,SYSTEM,357.779999,47.959999
2025-01-04 22:00:00,2025-01-04T23:00:00,SYSTEM,297.130005,39.830002
2025-01-04 23:00:00,2025-01-05T00:00:00,SYSTEM,335.630005,45.0
2025-01-05 00:00:00,2025-01-05T01:00:00,SYSTEM,309.529999,41.5
2025-01-05 01:00:00,2025-01-05T02:00:00,SYSTEM,308.859985,41.41
2025-01-05 02:00:00,2025-01-05T03:00:00,SYSTEM,316.309998,42.41
2025-01-05 03:00:00,2025-01-05T04:00:00,SYSTEM,347.790009,46.630001
2025-01-05 04:00:00,2025-01-05T05:00:00,SYSTEM,358.679993,48.09
2025-01-05 05:00:00,2025-01-05T06:00:00,SYSTEM,412.829987,55.349998
2025-01-05 06:00:00,2025-01-05T07:00:00,SYSTEM,410.220001,55.0
2025-01-05 07:00:00,2025-01-05T08:00:00,SYSTEM,387.98999,52.02
2025-01-05 08:00:00,2025-01-05T09:00:00,SYSTEM,482.790009,64.730003
2025-01-05 09:00:00,2025-01-05T10:00:00,SYSTEM,484.799988,65.0
2025-01-05 10:00:00,2025-01-05T11:00:00,SYSTEM,500.459991,67.099998
2025-01-05 11:00:00,2025-01-05T12:00:00,SYSTEM,485.619995,65.110001
2025-01-05 12:00:00,2025-01-05T13:00:00,SYSTEM,466.679993,62.57
2025-01-05 13:00:00,2025-01-05T14:00:00,SYSTEM,428.640015,57.470001
2025-01-05 14:00:00,2025-01-05T15:00:00,SYSTEM,373.0,50.009998
2025-01-05 15:00:00,2025-01-05T16:00:00,SYSTEM,400.0,53.630001
2025-01-05 16:00:00,2025-01-05T17:00:00,SYSTEM,458.100006,61.419998
2025-01-05 17:00:00,2025-01-05T18:00:00,SYSTEM,449.149994,60.220001
2025-01-05 18:00:00,2025-01-05T19:00:00,SYSTEM,365.470001,49.0
2025-01-05 19:00:00,2025-01-05T20:00:00,SYSTEM,268.059998,35.939999
2025-01-05 20:00:00,2025-01-05T21:00:00,SYSTEM,261.640015,35.080002
2025-01-05 21:00:00,2025-01-05T22:00:00,SYSTEM,246.279999,33.02
2025-01-05 22:00:00,2025-01-05T23:00:00,SYSTEM,214.059998,28.700001
2025-01-05 23:00:00,2025-01-06T00:00:00,SYSTEM,220.550003,29.57
2025-01-06 00:00:00,2025-01-06T01:00:00,SYSTEM,184.0,24.67
2025-01-06 01:00:00,2025-01-06T02:00:00,SYSTEM,166.399994,22.309999
2025-01-06 02:00:00,2025-01-06T03:00:00,SYSTEM,160.580002,21.530001
2025-01-06 03:00:00,2025-01-06T04:00:00,SYSTEM,149.169998,20.0
2025-01-06 04:00:00,2025-01-06T05:00:00,SYSTEM,155.360001,20.83
2025-01-06 05:00:00,2025-01-06T06:00:00,SYSTEM,200.259995,26.85
2025-01-06 06:00:00,2025-01-06T07:00:00,SYSTEM,260.299988,34.900002
2025-01-06 07:00:00,2025-01-06T08:00:00,SYSTEM,322.359985,43.220001
2025-01-06 08:00:00,2025-01-06T09:00:00,SYSTEM,290.579987,38.959999
2025-01-06 09:00:00,2025-01-06T10:00:00,SYSTEM,278.5,37.34
2025-01-06 10:00:00,2025-01-06T11:00:00,SYSTEM,260.450012,34.919998
2025-01-06 11:00:00,2025-01-06T12:00:00,SYSTEM,243.970001,32.709999
2025-01-06 12:00:00,2025-01-06T13:00:00,SYSTEM,234.789993,31.48
2025-01-06 13:00:00,2025-01-06T14:00:00,SYSTEM,224.199997,30.059999
2025-01-06 14:00:00,2025-01-06T15:00:00,SYSTEM,231.059998,30.98
2025-01-06 15:00:00,2025-01-06T16:00:00,SYSTEM,236.809998,31.75
2025-01-06 16:00:00,2025-01-06T17:00:00,SYSTEM,244.860001,32.830002
2025-01-06 17:00:00,2025-01-06T18:00:00,SYSTEM,238.970001,32.040001
2025-01-06 18:00:00,2025-01-06T19:00:00,SYSTEM,223.080002,29.91
2025-01-06 19:00:00,2025-01-06T20:00:00,SYSTEM,188.550003,25.280001
2025-01-06 20:00:00,2025-01-06T21:00:00,SYSTEM,149.020004,19.98
2025-01-06 21:00:00,2025-01-06T22:00:00,SYSTEM,151.710007,20.34
2025-01-06 22:00:00,2025-01-06T23:00:00,SYSTEM,95.470001,12.8
2025-01-06 23:00:00,2025-01-07T00:00:00,SYSTEM,105.470001,14.14
2025-01-07 00:00:00,2025-01-07T01:00:00,SYSTEM,78.32,10.5
2025-01-07 01:00:00,2025-01-07T02:00:00,SYSTEM,63.18,8.47
2025-01-07 02:00:00,2025-01-07T03:00:00,SYSTEM,49.75,6.67
2025-01-07 03:00:00,2025-01-07T04:00:00,SYSTEM,66.459999,8.91
2025-01-07 04:00:00,2025-01-07T05:00:00,SYSTEM,96.150002,12.89
2025-01-07 05:00:00,2025-01-07T06:00:00,SYSTEM,185.059998,24.809999
2025-01-07 06:00:00,2025-01-07T07:00:00,SYSTEM,215.570007,28.9
2025-01-07 07:00:00,2025-01-07T08:00:00,SYSTEM,221.610001,29.709999
2025-01-07 08:00:00,2025-01-07T09:00:00,SYSTEM,221.089996,29.639999
2025-01-07 09:00:00,2025-01-07T10:00:00,SYSTEM,220.940002,29.620001
2025-01-07 10:00:00,2025-01-07T11:00:00,SYSTEM,218.929993,29.35
2025-01-07 11:00:00,2025-01-07T12:00:00,SYSTEM,218.179993,29.25
2025-01-07 12:00:00,2025-01-07T13:00:00,SYSTEM,215.5,28.889999
2025-01-07 13:00:00,2025-01-07T14:00:00,SYSTEM,214.009995,28.690001
2025-01-07 14:00:00,2025-01-07T15:00:00,SYSTEM,216.169998,28.98
2025-01-07 15:00:00,2025-01-07T16:00:00,SYSTEM,216.320007,29.0
2025-01-07 16:00:00,2025-01-07T17:00:00,SYSTEM,219.899994,29.48
2025-01-07 17:00:00,2025-01-07T18:00:00,SYSTEM,214.449997,28.75
2025-01-07 18:00:00,2025-01-07T19:00:00,SYSTEM,204.979996,27.48
2025-01-07 19:00:00,2025-01-07T20:00:00,SYSTEM,187.080002,25.08
2025-01-07 20:00:00,2025-01-07T21:00:00,SYSTEM,180.660004,24.219999
2025-01-07 21:00:00,2025-01-07T22:00:00,SYSTEM,165.300003,22.16
2025-01-07 22:00:00,2025-01-07T23:00:00,SYSTEM,156.119995,20.93
2025-01-07 23:00:00,2025-01-08T00:00:00,SYSTEM,153.070007,20.52
2025-01-08 00:00:00,2025-01-08T01:00:00,SYSTEM,153.220001,20.540001
2025-01-08 01:00:00,2025-01-08T02:00:00,SYSTEM,159.559998,21.389999
2025-01-08 02:00:00,2025-01-08T03:00:00,SYSTEM,156.869995,21.030001
2025-01-08 03:00:00,2025-01-08T04:00:00,SYSTEM,171.050003,22.93
2025-01-08 04:00:00,2025-01-08T05:00:00,SYSTEM,191.110001,25.620001
2025-01-08 05:00:00,2025-01-08T06:00:00,SYSTEM,231.539993,31.040001
2025-01-08 06:00:00,2025-01-08T07:00:00,SYSTEM,259.140015,34.740002
2025-01-08 07:00:00,2025-01-08T08:00:00,SYSTEM,294.579987,39.490002
2025-01-08 08:00:00,2025-01-08T09:00:00,SYSTEM,325.089996,43.580002
2025-01-08 09:00:00,2025-01-08T10:00:00,SYSTEM,358.059998,48.0
2025-01-08 10:00:00,2025-01-08T11:00:00,SYSTEM,349.779999,46.889999
2025-01-08 11:00:00,2025-01-08T12:00:00,SYSTEM,380.059998,50.950001
2025-01-08 12:00:00,2025-01-08T13:00:00,SYSTEM,409.529999,54.900002
2025-01-08 13:00:00,2025-01-08T14:00:00,SYSTEM,425.040009,56.98
2025-01-08 14:00:00,2025-01-08T15:00:00,SYSTEM,555.289978,74.440002
2025-01-08 15:00:00,2025-01-08T16:00:00,SYSTEM,660.23999,88.510002
2025-01-08 16:00:00,2025-01-08T17:00:00,SYSTEM,663.299988,88.919998
2025-01-08 17:00:00,2025-01-08T18:00:00,SYSTEM,593.630005,79.580002
2025-01-08 18:00:00,2025-01-08T19:00:00,SYSTEM,648.530029,86.940002
2025-01-08 19:00:00,2025-01-08T20:00:00,SYSTEM,555.140015,74.419998
2025-01-08 20:00:00,2025-01-08T21:00:00,SYSTEM,450.700012,60.419998
2025-01-08 21:00:00,2025-01-08T22:00:00,SYSTEM,357.529999,47.93
2025-01-08 22:00:00,2025-01-08T23:00:00,SYSTEM,294.429993,39.470001
2025-01-08 23:00:00,2025-01-09T00:00:00,SYSTEM,279.779999,37.5
2025-01-09 00:00:00,2025-01-09T01:00:00,SYSTEM,274.26001,36.759998
2025-01-09 01:00:00,2025-01-09T02:00:00,SYSTEM,273.070007,36.599998
2025-01-09 02:00:00,2025-01-09T03:00:00,SYSTEM,275.01001,36.860001
2025-01-09 03:00:00,2025-01-09T04:00:00,SYSTEM,282.089996,37.810001
2025-01-09 04:00:00,2025-01-09T05:00:00,SYSTEM,372.369995,49.91
2025-01-09 05:00:00,2025-01-09T06:00:00,SYSTEM,597.159973,80.040001
2025-01-09 06:00:00,2025-01-09T07:00:00,SYSTEM,865.309998,115.980003
2025-01-09 07:00:00,2025-01-09T08:00:00,SYSTEM,1077.420044,144.410004
2025-01-09 08:00:00,2025-01-09T09:00:00,SYSTEM,1081.300049,144.929993
2025-01-09 09:00:00,2025-01-09T10:00:00,SYSTEM,1013.700012,135.869995
2025-01-09 10:00:00,2025-01-09T11:00:00,SYSTEM,954.609985,127.949997
2025-01-09 11:00:00,2025-01-09T12:00:00,SYSTEM,926.340027,124.160004
2025-01-09 12:00:00,2025-01-09T13:00:00,SYSTEM,877.98999,117.68
2025-01-09 13:00:00,2025-01-09T14:00:00,SYSTEM,874.039978,117.150002
2025-01-09 14:00:00,2025-01-09T15:00:00,SYSTEM,887.840027,119.0
2025-01-09 15:00:00,2025-01-09T16:00:00,SYSTEM,918.049988,123.050003
2025-01-09 16:00:00,2025-01-09T17:00:00,SYSTEM,948.27002,127.099998
2025-01-09 17:00:00,2025-01-09T18:00:00,SYSTEM,1001.539978,134.240005
2025-01-09 18:00:00,2025-01-09T19:00:00,SYSTEM,895.450012,120.019997
2025-01-09 19:00:00,2025-01-09T20:00:00,SYSTEM,820.619995,109.989998
2025-01-09 20:00:00,2025-01-09T21:00:00,SYSTEM,701.23999,93.989998
2025-01-09 21:00:00,2025-01-09T22:00:00,SYSTEM,671.400024,89.989998
2025-01-09 22:00:00,2025-01-09T23:00:00,SYSTEM,478.839996,64.18
2025-01-09 23:00:00,2025-01-10T00:00:00,SYSTEM,515.419983,69.080002
2025-01-10 00:00:00,2025-01-10T01:00:00,SYSTEM,419.920013,56.279999
2025-01-10 01:00:00,2025-01-10T02:00:00,SYSTEM,393.279999,52.709999
2025-01-10 02:00:00,2025-01-10T03:00:00,SYSTEM,357.839996,47.959999
2025-01-10 03:00:00,2025-01-10T04:00:00,SYSTEM,372.76001,49.959999
2025-01-10 04:00:00,2025-01-10T05:00:00,SYSTEM,447.519989,59.98
2025-01-10 05:00:00,2025-01-10T06:00:00,SYSTEM,639.130005,85.660004
2025-01-10 06:00:00,2025-01-10T07:00:00,SYSTEM,895.349976,120.0
2025-01-10 07:00:00,2025-01-10T08:00:00,SYSTEM,991.150024,132.839996
2025-01-10 08:00:00,2025-01-10T09:00:00,SYSTEM,976.219971,130.839996
2025-01-10 09:00:00,2025-01-10T10:00:00,SYSTEM,865.429993,115.989998
2025-01-10 10:00:00,2025-01-10T11:00:00,SYSTEM,820.659973,109.989998
2025-01-10 11:00:00,2025-01-10T12:00:00,SYSTEM,779.400024,104.459999
2025-01-10 12:00:00,2025-01-10T13:00:00,SYSTEM,762.609985,102.209999
2025-01-10 13:00:00,2025-01-10T14:00:00,SYSTEM,783.429993,105.0
2025-01-10 14:00:00,2025-01-10T15:00:00,SYSTEM,887.659973,118.970001
2025-01-10 15:00:00,2025-01-10T16:00:00,SYSTEM,921.909973,123.559998
2025-01-10 16:00:00,2025-01-10T17:00:00,SYSTEM,969.960022,130.0
2025-01-10 17:00:00,2025-01-10T18:00:00,SYSTEM,969.880005,129.990005
2025-01-10 18:00:00,2025-01-10T19:00:00,SYSTEM,789.840027,105.860001
2025-01-10 19:00:00,2025-01-10T20:00:00,SYSTEM,500.649994,67.099998
2025-01-10 20:00:00,2025-01-10T21:00:00,SYSTEM,373.140015,50.009998
2025-01-10 21:00:00,2025-01-10T22:00:00,SYSTEM,300.839996,40.32
2025-01-10 22:00:00,2025-01-10T23:00:00,SYSTEM,279.869995,37.509998
2025-01-10 23:00:00,2025-01-11T00:00:00,SYSTEM,246.360001,33.02
2025-01-11 00:00:00,2025-01-11T01:00:00,SYSTEM,231.210007,30.99
2025-01-11 01:00:00,2025-01-11T02:00:00,SYSTEM,223.600006,29.969999
2025-01-11 02:00:00,2025-01-11T03:00:00,SYSTEM,219.050003,29.360001
2025-01-11 03:00:00,2025-01-11T04:00:00,SYSTEM,217.110001,29.1
2025-01-11 04:00:00,2025-01-11T05:00:00,SYSTEM,217.339996,29.129999
2025-01-11 05:00:00,2025-01-11T06:00:00,SYSTEM,226.059998,30.299999
2025-01-11 06:00:00,2025-01-11T07:00:00,SYSTEM,238.75,32.0
2025-01-11 07:00:00,2025-01-11T08:00:00,SYSTEM,250.160004,33.529999
2025-01-11 08:00:00,2025-01-11T09:00:00,SYSTEM,259.859985,34.830002
2025-01-11 09:00:00,2025-01-11T10:00:00,SYSTEM,267.920013,35.91
2025-01-11 10:00:00,2025-01-11T11:00:00,SYSTEM,261.209991,35.009998
2025-01-11 11:00:00,2025-01-11T12:00:00,SYSTEM,255.679993,34.27
2025-01-11 12:00:00,2025-01-11T13:00:00,SYSTEM,255.240005,34.209999
2025-01-11 13:00:00,2025-01-11T14:00:00,SYSTEM,258.820007,34.689999
2025-01-11 14:00:00,2025-01-11T15:00:00,SYSTEM,271.5,36.389999
2025-01-11 15:00:00,2025-01-11T16:00:00,SYSTEM,282.619995,37.880001
2025-01-11 16:00:00,2025-01-11T17:00:00,SYSTEM,318.799988,42.73
2025-01-11 17:00:00,2025-01-11T18:00:00,SYSTEM,307.01001,41.150002
2025-01-11 18:00:00,2025-01-11T19:00:00,SYSTEM,278.809998,37.369999
2025-01-11 19:00:00,2025-01-11T20:00:00,SYSTEM,273.369995,36.639999
2025-01-11 20:00:00,2025-01-11T21:00:00,SYSTEM,265.679993,35.610001
2025-01-11 21:00:00,2025-01-11T22:00:00,SYSTEM,254.119995,34.060001
2025-01-11 22:00:00,2025-01-11T23:00:00,SYSTEM,242.779999,32.540001
2025-01-11 23:00:00,2025-01-12T00:00:00,SYSTEM,222.320007,29.799999
2025-01-12 00:00:00,2025-01-12T01:00:00,SYSTEM,208.220001,27.91
2025-01-12 01:00:00,2025-01-12T02:00:00,SYSTEM,199.119995,26.690001
2025-01-12 02:00:00,2025-01-12T03:00:00,SYSTEM,194.270004,26.040001
2025-01-12 03:00:00,2025-01-12T04:00:00,SYSTEM,193.229996,25.9
2025-01-12 04:00:00,2025-01-12T05:00:00,SYSTEM,201.130005,26.959999
2025-01-12 05:00:00,2025-01-12T06:00:00,SYSTEM,211.199997,28.309999
2025-01-12 06:00:00,2025-01-12T07:00:00,SYSTEM,225.600006,30.24
2025-01-12 07:00:00,2025-01-12T08:00:00,SYSTEM,237.389999,31.82
2025-01-12 08:00:00,2025-01-12T09:00:00,SYSTEM,247.389999,33.16
2025-01-12 09:00:00,2025-01-12T10:00:00,SYSTEM,250.75,33.610001
2025-01-12 10:00:00,2025-01-12T11:00:00,SYSTEM,256.119995,34.330002
2025-01-12 11:00:00,2025-01-12T12:00:00,SYSTEM,253.130005,33.93
2025-01-12 12:00:00,2025-01-12T13:00:00,SYSTEM,252.160004,33.799999
2025-01-12 13:00:00,2025-01-12T14:00:00,SYSTEM,251.789993,33.75
2025-01-12 14:00:00,2025-01-12T15:00:00,SYSTEM,258.799988,34.689999
2025-01-12 15:00:00,2025-01-12T16:00:00,SYSTEM,263.049988,35.259998
2025-01-12 16:00:00,2025-01-12T17:00:00,SYSTEM,263.200012,35.279999
2025-01-12 17:00:00,2025-01-12T18:00:00,SYSTEM,262.01001,35.119999
2025-01-12 18:00:00,2025-01-12T19:00:00,SYSTEM,260.589996,34.93
2025-01-12 19:00:00,2025-01-12T20:00:00,SYSTEM,264.399994,35.439999
2025-01-12 20:00:00,2025-01-12T21:00:00,SYSTEM,267.529999,35.860001
2025-01-12 21:00:00,2025-01-12T22:00:00,SYSTEM,260.220001,34.880001
2025-01-12 22:00:00,2025-01-12T23:00:00,SYSTEM,241.639999,32.389999
2025-01-12 23:00:00,2025-01-13T00:00:00,SYSTEM,223.740005,29.99
2025-01-13 00:00:00,2025-01-13T01:00:00,SYSTEM,214.929993,28.809999
2025-01-13 01:00:00,2025-01-13T02:00:00,SYSTEM,208.520004,27.950001
2025-01-13 02:00:00,2025-01-13T03:00:00,SYSTEM,203.300003,27.25
2025-01-13 03:00:00,2025-01-13T04:00:00,SYSTEM,191.880005,25.719999
2025-01-13 04:00:00,2025-01-13T05:00:00,SYSTEM,185.910004,24.92
2025-01-13 05:00:00,2025-01-13T06:00:00,SYSTEM,203.740005,27.309999
2025-01-13 06:00:00,2025-01-13T07:00:00,SYSTEM,222.399994,29.809999
2025-01-13 07:00:00,2025-01-13T08:00:00,SYSTEM,238.660004,31.99
2025-01-13 08:00:00,2025-01-13T09:00:00,SYSTEM,223.660004,29.98
2025-01-13 09:00:00,2025-01-13T10:00:00,SYSTEM,208.220001,27.91
2025-01-13 10:00:00,2025-01-13T11:00:00,SYSTEM,200.979996,26.940001
2025-01-13 11:00:00,2025-01-13T12:00:00,SYSTEM,186.360001,24.98
2025-01-13 12:00:00,2025-01-13T13:00:00,SYSTEM,174.350006,23.370001
2025-01-13 13:00:00,2025-01-13T14:00:00,SYSTEM,156.520004,20.98
2025-01-13 14:00:00,2025-01-13T15:00:00,SYSTEM,148.979996,19.969999
2025-01-13 15:00:00,2025-01-13T16:00:00,SYSTEM,148.460007,19.9
2025-01-13 16:00:00,2025-01-13T17:00:00,SYSTEM,138.839996,18.610001
2025-01-13 17:00:00,2025-01-13T18:00:00,SYSTEM,111.980003,15.01
2025-01-13 18:00:00,2025-01-13T19:00:00,SYSTEM,75.650002,10.14
2025-01-13 19:00:00,2025-01-13T20:00:00,SYSTEM,51.919998,6.96
2025-01-13 20:00:00,2025-01-13T21:00:00,SYSTEM,39.32,5.27
2025-01-13 21:00:00,2025-01-13T22:00:00,SYSTEM,32.150002,4.31
2025-01-13 22:00:00,2025-01-13T23:00:00,SYSTEM,27.08,3.63
2025-01-13 23:00:00,2025-01-14T00:00:00,SYSTEM,28.950001,3.88
2025-01-14 00:00:00,2025-01-14T01:00:00,SYSTEM,27.68,3.71
2025-01-14 01:00:00,2025-01-14T02:00:00,SYSTEM,27.23,3.65
2025-01-14 02:00:00,2025-01-14T03:00:00,SYSTEM,26.860001,3.6
2025-01-14 03:00:00,2025-01-14T04:00:00,SYSTEM,27.23,3.65
2025-01-14 04:00:00,2025-01-14T05:00:00,SYSTEM,30.219999,4.05
2025-01-14 05:00:00,2025-01-14T06:00:00,SYSTEM,44.990002,6.03
2025-01-14 06:00:00,2025-01-14T07:00:00,SYSTEM,95.050003,12.74
2025-01-14 07:00:00,2025-01-14T08:00:00,SYSTEM,128.699997,17.25
2025-01-14 08:00:00,2025-01-14T09:00:00,SYSTEM,135.039993,18.1
2025-01-14 09:00:00,2025-01-14T10:00:00,SYSTEM,140.490005,18.83
2025-01-14 10:00:00,2025-01-14T11:00:00,SYSTEM,148.839996,19.950001
2025-01-14 11:00:00,2025-01-14T12:00:00,SYSTEM,155.039993,20.780001
2025-01-14 12:00:00,2025-01-14T13:00:00,SYSTEM,157.279999,21.08
2025-01-14 13:00:00,2025-01-14T14:00:00,SYSTEM,175.330002,23.5
2025-01-14 14:00:00,2025-01-14T15:00:00,SYSTEM,186.149994,24.950001
2025-01-14 15:00:00,2025-01-14T16:00:00,SYSTEM,214.869995,28.799999
2025-01-14 16:00:00,2025-01-14T17:00:00,SYSTEM,220.320007,29.530001
2025-01-14 17:00:00,2025-01-14T18:00:00,SYSTEM,218.600006,29.299999
2025-01-14 18:00:00,2025-01-14T19:00:00,SYSTEM,219.279999,29.389999
2025-01-14 19:00:00,2025-01-14T20:00:00,SYSTEM,216.589996,29.030001
2025-01-14 20:00:00,2025-01-14T21:00:00,SYSTEM,219.800003,29.459999
2025-01-14 21:00:00,2025-01-14T22:00:00,SYSTEM,216.220001,28.98
2025-01-14 22:00:00,2025-01-14T23:00:00,SYSTEM,212.559998,28.49
2025-01-14 23:00:00,2025-01-15T00:00:00,SYSTEM,230.410004,30.879999
2025-01-15 00:00:00,2025-01-15T01:00:00,SYSTEM,233.619995,31.309999
2025-01-15 01:00:00,2025-01-15T02:00:00,SYSTEM,239.580002,32.110001
2025-01-15 02:00:00,2025-01-15T03:00:00,SYSTEM,239.059998,32.040001
2025-01-15 03:00:00,2025-01-15T04:00:00,SYSTEM,237.789993,31.870001
2025-01-15 04:00:00,2025-01-15T05:00:00,SYSTEM,247.490005,33.169998
2025-01-15 05:00:00,2025-01-15T06:00:00,SYSTEM,272.48999,36.52
2025-01-15 06:00:00,2025-01-15T07:00:00,SYSTEM,278.380005,37.310001
2025-01-15 07:00:00,2025-01-15T08:00:00,SYSTEM,282.26001,37.830002
2025-01-15 08:00:00,2025-01-15T09:00:00,SYSTEM,275.470001,36.919998
2025-01-15 09:00:00,2025-01-15T10:00:00,SYSTEM,261.600006,35.060001
2025-01-15 10:00:00,2025-01-15T11:00:00,SYSTEM,245.179993,32.860001
2025-01-15 11:00:00,2025-01-15T12:00:00,SYSTEM,243.389999,32.619999
2025-01-15 12:00:00,2025-01-15T13:00:00,SYSTEM,239.059998,32.040001
2025-01-15 13:00:00,2025-01-15T14:00:00,SYSTEM,237.350006,31.809999
2025-01-15 14:00:00,2025-01-15T15:00:00,SYSTEM,235.330002,31.540001
2025-01-15 15:00:00,2025-01-15T16:00:00,SYSTEM,231.899994,31.08
2025-01-15 16:00:00,2025-01-15T17:00:00,SYSTEM,230.330002,30.870001
2025-01-15 17:00:00,2025-01-15T18:00:00,SYSTEM,218.25,29.25
2025-01-15 18:00:00,2025-01-15T19:00:00,SYSTEM,186.089996,24.940001
2025-01-15 19:00:00,2025-01-15T20:00:00,SYSTEM,154.75,20.74
2025-01-15 20:00:00,2025-01-15T21:00:00,SYSTEM,112.0,15.01
2025-01-15 21:00:00,2025-01-15T22:00:00,SYSTEM,82.150002,11.01
2025-01-15 22:00:00,2025-01-15T23:00:00,SYSTEM,49.990002,6.7
2025-01-15 23:00:00,2025-01-16T00:00:00,SYSTEM,42.380001,5.68
2025-01-16 00:00:00,2025-01-16T01:00:00,SYSTEM,37.23,4.99
2025-01-16 01:00:00,2025-01-16T02:00:00,SYSTEM,35.810001,4.8
2025-01-16 02:00:00,2025-01-16T03:00:00,SYSTEM,34.77,4.66
2025-01-16 03:00:00,2025-01-16T04:00:00,SYSTEM,35.369999,4.74
2025-01-16 04:00:00,2025-01-16T05:00:00,SYSTEM,39.470001,5.29
2025-01-16 05:00:00,2025-01-16T06:00:00,SYSTEM,78.419998,10.51
2025-01-16 06:00:00,2025-01-16T07:00:00,SYSTEM,151.089996,20.25
2025-01-16 07:00:00,2025-01-16T08:00:00,SYSTEM,206.080002,27.620001
2025-01-16 08:00:00,2025-01-16T09:00:00,SYSTEM,195.039993,26.139999
2025-01-16 09:00:00,2025-01-16T10:00:00,SYSTEM,185.929993,24.92
2025-01-16 10:00:00,2025-01-16T11:00:00,SYSTEM,159.149994,21.33
2025-01-16 11:00:00,2025-01-16T12:00:00,SYSTEM,144.149994,19.32
2025-01-16 12:00:00,2025-01-16T13:00:00,SYSTEM,141.839996,19.01
2025-01-16 13:00:00,2025-01-16T14:00:00,SYSTEM,133.110001,17.84
2025-01-16 14:00:00,2025-01-16T15:00:00,SYSTEM,152.360001,20.42
2025-01-16 15:00:00,2025-01-16T16:00:00,SYSTEM,190.490005,25.530001
2025-01-16 16:00:00,2025-01-16T17:00:00,SYSTEM,206.380005,27.66
2025-01-16 17:00:00,2025-01-16T18:00:00,SYSTEM,199.960007,26.799999
2025-01-16 18:00:00,2025-01-16T19:00:00,SYSTEM,158.179993,21.200001
2025-01-16 19:00:00,2025-01-16T20:00:00,SYSTEM,126.620003,16.969999
2025-01-16 20:00:00,2025-01-16T21:00:00,SYSTEM,105.949997,14.2
2025-01-16 21:00:00,2025-01-16T22:00:00,SYSTEM,83.269997,11.16
2025-01-16 22:00:00,2025-01-16T23:00:00,SYSTEM,67.150002,9.0
2025-01-16 23:00:00,2025-01-17T00:00:00,SYSTEM,38.349998,5.14
2025-01-17 00:00:00,2025-01-17T01:00:00,SYSTEM,36.709999,4.92
2025-01-17 01:00:00,2025-01-17T02:00:00,SYSTEM,36.41,4.88
2025-01-17 02:00:00,2025-01-17T03:00:00,SYSTEM,36.490002,4.89
2025-01-17 03:00:00,2025-01-17T04:00:00,SYSTEM,38.43,5.15
2025-01-17 04:00:00,2025-01-17T05:00:00,SYSTEM,54.619999,7.32
2025-01-17 05:00:00,2025-01-17T06:00:00,SYSTEM,122.139999,16.370001
2025-01-17 06:00:00,2025-01-17T07:00:00,SYSTEM,217.570007,29.16
2025-01-17 07:00:00,2025-01-17T08:00:00,SYSTEM,232.190002,31.120001
2025-01-17 08:00:00,2025-01-17T09:00:00,SYSTEM,228.990005,30.690001
2025-01-17 09:00:00,2025-01-17T10:00:00,SYSTEM,218.759995,29.32
2025-01-17 10:00:00,2025-01-17T11:00:00,SYSTEM,198.169998,26.559999
2025-01-17 11:00:00,2025-01-17T12:00:00,SYSTEM,177.649994,23.809999
2025-01-17 12:00:00,2025-01-17T13:00:00,SYSTEM,136.320007,18.27
2025-01-17 13:00:00,2025-01-17T14:00:00,SYSTEM,127.139999,17.040001
2025-01-17 14:00:00,2025-01-17T15:00:00,SYSTEM,127.139999,17.040001
2025-01-17 15:00:00,2025-01-17T16:00:00,SYSTEM,141.610001,18.98
2025-01-17 16:00:00,2025-01-17T17:00:00,SYSTEM,143.330002,19.209999
2025-01-17 17:00:00,2025-01-17T18:00:00,SYSTEM,107.889999,14.46
2025-01-17 18:00:00,2025-01-17T19:00:00,SYSTEM,91.25,12.23
2025-01-17 19:00:00,2025-01-17T20:00:00,SYSTEM,74.540001,9.99
2025-01-17 20:00:00,2025-01-17T21:00:00,SYSTEM,54.990002,7.37
2025-01-17 21:00:00,2025-01-17T22:00:00,SYSTEM,44.25,5.93
2025-01-17 22:00:00,2025-01-17T23:00:00,SYSTEM,36.41,4.88
2025-01-17 23:00:00,2025-01-18T00:00:00,SYSTEM,44.990002,6.03
2025-01-18 00:00:00,2025-01-18T01:00:00,SYSTEM,39.099998,5.24
2025-01-18 01:00:00,2025-01-18T02:00:00,SYSTEM,37.599998,5.04
2025-01-18 02:00:00,2025-01-18T03:00:00,SYSTEM,38.57,5.17
2025-01-18 03:00:00,2025-01-18T04:00:00,SYSTEM,44.689999,5.99
2025-01-18 04:00:00,2025-01-18T05:00:00,SYSTEM,47.970001,6.43
2025-01-18 05:00:00,2025-01-18T06:00:00,SYSTEM,59.02,7.91
2025-01-18 06:00:00,2025-01-18T07:00:00,SYSTEM,92.290001,12.37
2025-01-18 07:00:00,2025-01-18T08:00:00,SYSTEM,170.860001,22.9
2025-01-18 08:00:00,2025-01-18T09:00:00,SYSTEM,208.610001,27.959999
2025-01-18 09:00:00,2025-01-18T10:00:00,SYSTEM,220.470001,29.549999
2025-01-18 10:00:00,2025-01-18T11:00:00,SYSTEM,223.830002,30.0
2025-01-18 11:00:00,2025-01-18T12:00:00,SYSTEM,224.199997,30.049999
2025-01-18 12:00:00,2025-01-18T13:00:00,SYSTEM,223.600006,29.969999
2025-01-18 13:00:00,2025-01-18T14:00:00,SYSTEM,223.309998,29.93
2025-01-18 14:00:00,2025-01-18T15:00:00,SYSTEM,232.029999,31.1
2025-01-18 15:00:00,2025-01-18T16:00:00,SYSTEM,250.240005,33.540001
2025-01-18 16:00:00,2025-01-18T17:00:00,SYSTEM,255.690002,34.27
2025-01-18 17:00:00,2025-01-18T18:00:00,SYSTEM,242.179993,32.459999
2025-01-18 18:00:00,2025-01-18T19:00:00,SYSTEM,238.380005,31.950001
2025-01-18 19:00:00,2025-01-18T20:00:00,SYSTEM,232.179993,31.120001
2025-01-18 20:00:00,2025-01-18T21:00:00,SYSTEM,230.470001,30.889999
2025-01-18 21:00:00,2025-01-18T22:00:00,SYSTEM,223.830002,30.0
2025-01-18 22:00:00,2025-01-18T23:00:00,SYSTEM,205.699997,27.57
2025-01-18 23:00:00,2025-01-19T00:00:00,SYSTEM,220.100006,29.5
2025-01-19 00:00:00,2025-01-19T01:00:00,SYSTEM,177.119995,23.74
2025-01-19 01:00:00,2025-01-19T02:00:00,SYSTEM,124.82,16.73
2025-01-19 02:00:00,2025-01-19T03:00:00,SYSTEM,113.779999,15.25
2025-01-19 03:00:00,2025-01-19T04:00:00,SYSTEM,100.800003,13.51
2025-01-19 04:00:00,2025-01-19T05:00:00,SYSTEM,102.139999,13.69
2025-01-19 05:00:00,2025-01-19T06:00:00,SYSTEM,107.360001,14.39
2025-01-19 06:00:00,2025-01-19T07:00:00,SYSTEM,146.610001,19.65
2025-01-19 07:00:00,2025-01-19T08:00:00,SYSTEM,187.490005,25.129999
2025-01-19 08:00:00,2025-01-19T09:00:00,SYSTEM,185.330002,24.84
2025-01-19 09:00:00,2025-01-19T10:00:00,SYSTEM,169.589996,22.73
2025-01-19 10:00:00,2025-01-19T11:00:00,SYSTEM,152.429993,20.43
2025-01-19 11:00:00,2025-01-19T12:00:00,SYSTEM,165.410004,22.17
2025-01-19 12:00:00,2025-01-19T13:00:00,SYSTEM,182.789993,24.5
2025-01-19 13:00:00,2025-01-19T14:00:00,SYSTEM,199.059998,26.68
2025-01-19 14:00:00,2025-01-19T15:00:00,SYSTEM,219.720001,29.450001
2025-01-19 15:00:00,2025-01-19T16:00:00,SYSTEM,241.210007,32.330002
2025-01-19 16:00:00,2025-01-19T17:00:00,SYSTEM,260.679993,34.939999
2025-01-19 17:00:00,2025-01-19T18:00:00,SYSTEM,261.059998,34.990002
2025-01-19 18:00:00,2025-01-19T19:00:00,SYSTEM,269.339996,36.099998
2025-01-19 19:00:00,2025-01-19T20:00:00,SYSTEM,265.529999,35.59
2025-01-19 20:00:00,2025-01-19T21:00:00,SYSTEM,270.230011,36.220001
2025-01-19 21:00:00,2025-01-19T22:00:00,SYSTEM,262.549988,35.189999
2025-01-19 22:00:00,2025-01-19T23:00:00,SYSTEM,254.720001,34.139999
2025-01-19 23:00:00,2025-01-20T00:00:00,SYSTEM,273.290009,36.630001
2025-01-20 00:00:00,2025-01-20T01:00:00,SYSTEM,270.529999,36.259998
2025-01-20 01:00:00,2025-01-20T02:00:00,SYSTEM,272.100006,36.470001
2025-01-20 02:00:00,2025-01-20T03:00:00,SYSTEM,273.519989,36.66
2025-01-20 03:00:00,2025-01-20T04:00:00,SYSTEM,277.839996,37.240002
2025-01-20 04:00:00,2025-01-20T05:00:00,SYSTEM,313.51001,42.02
2025-01-20 05:00:00,2025-01-20T06:00:00,SYSTEM,500.630005,67.099998
2025-01-20 06:00:00,2025-01-20T07:00:00,SYSTEM,904.780029,121.269997
2025-01-20 07:00:00,2025-01-20T08:00:00,SYSTEM,1545.300049,207.119995
2025-01-20 08:00:00,2025-01-20T09:00:00,SYSTEM,993.200012,133.119995
2025-01-20 09:00:00,2025-01-20T10:00:00,SYSTEM,746.98999,100.120003
2025-01-20 10:00:00,2025-01-20T11:00:00,SYSTEM,522.109985,69.980003
2025-01-20 11:00:00,2025-01-20T12:00:00,SYSTEM,500.700012,67.110001
2025-01-20 12:00:00,2025-01-20T13:00:00,SYSTEM,481.970001,64.599998
2025-01-20 13:00:00,2025-01-20T14:00:00,SYSTEM,500.630005,67.099998
2025-01-20 14:00:00,2025-01-20T15:00:00,SYSTEM,610.969971,81.889999
2025-01-20 15:00:00,2025-01-20T16:00:00,SYSTEM,1119.140015,150.0
2025-01-20 16:00:00,2025-01-20T17:00:00,SYSTEM,1171.810059,157.059998
2025-01-20 17:00:00,2025-01-20T18:00:00,SYSTEM,797.789978,106.93
2025-01-20 18:00:00,2025-01-20T19:00:00,SYSTEM,656.780029,88.029999
2025-01-20 19:00:00,2025-01-20T20:00:00,SYSTEM,439.070007,58.849998
2025-01-20 20:00:00,2025-01-20T21:00:00,SYSTEM,414.899994,55.610001
2025-01-20 21:00:00,2025-01-20T22:00:00,SYSTEM,298.51001,40.009998
2025-01-20 22:00:00,2025-01-20T23:00:00,SYSTEM,279.709991,37.490002
2025-01-20 23:00:00,2025-01-21T00:00:00,SYSTEM,262.329987,35.16
2025-01-21 00:00:00,2025-01-21T01:00:00,SYSTEM,256.730011,34.41
2025-01-21 01:00:00,2025-01-21T02:00:00,SYSTEM,250.169998,33.529999
2025-01-21 02:00:00,2025-01-21T03:00:00,SYSTEM,244.419998,32.759998
2025-01-21 03:00:00,2025-01-21T04:00:00,SYSTEM,252.550003,33.849998
2025-01-21 04:00:00,2025-01-21T05:00:00,SYSTEM,263.670013,35.34
2025-01-21 05:00:00,2025-01-21T06:00:00,SYSTEM,291.869995,39.119999
2025-01-21 06:00:00,2025-01-21T07:00:00,SYSTEM,379.98999,50.93
2025-01-21 07:00:00,2025-01-21T08:00:00,SYSTEM,587.929993,78.800003
2025-01-21 08:00:00,2025-01-21T09:00:00,SYSTEM,433.480011,58.099998
2025-01-21 09:00:00,2025-01-21T10:00:00,SYSTEM,368.269989,49.360001
2025-01-21 10:00:00,2025-01-21T11:00:00,SYSTEM,342.76001,45.939999
2025-01-21 11:00:00,2025-01-21T12:00:00,SYSTEM,316.420013,42.41
2025-01-21 12:00:00,2025-01-21T13:00:00,SYSTEM,323.51001,43.360001
2025-01-21 13:00:00,2025-01-21T14:00:00,SYSTEM,328.059998,43.970001
2025-01-21 14:00:00,2025-01-21T15:00:00,SYSTEM,345.519989,46.310001
2025-01-21 15:00:00,2025-01-21T16:00:00,SYSTEM,364.98999,48.919998
2025-01-21 16:00:00,2025-01-21T17:00:00,SYSTEM,417.220001,55.919998
2025-01-21 17:00:00,2025-01-21T18:00:00,SYSTEM,354.170013,47.470001
2025-01-21 18:00:00,2025-01-21T19:00:00,SYSTEM,322.089996,43.169998
2025-01-21 19:00:00,2025-01-21T20:00:00,SYSTEM,295.079987,39.549999
2025-01-21 20:00:00,2025-01-21T21:00:00,SYSTEM,281.200012,37.689999
2025-01-21 21:00:00,2025-01-21T22:00:00,SYSTEM,277.470001,37.189999
2025-01-21 22:00:00,2025-01-21T23:00:00,SYSTEM,269.48999,36.119999
2025-01-21 23:00:00,2025-01-22T00:00:00,SYSTEM,278.470001,37.32
2025-01-22 00:00:00,2025-01-22T01:00:00,SYSTEM,273.320007,36.630001
2025-01-22 01:00:00,2025-01-22T02:00:00,SYSTEM,274.220001,36.75
2025-01-22 02:00:00,2025-01-22T03:00:00,SYSTEM,275.329987,36.900002
2025-01-22 03:00:00,2025-01-22T04:00:00,SYSTEM,277.720001,37.220001
2025-01-22 04:00:00,2025-01-22T05:00:00,SYSTEM,309.730011,41.509998
2025-01-22 05:00:00,2025-01-22T06:00:00,SYSTEM,738.929993,99.029999
2025-01-22 06:00:00,2025-01-22T07:00:00,SYSTEM,1380.329956,184.990005
2025-01-22 07:00:00,2025-01-22T08:00:00,SYSTEM,1395.699951,187.050003
2025-01-22 08:00:00,2025-01-22T09:00:00,SYSTEM,1390.400024,186.339996
2025-01-22 09:00:00,2025-01-22T10:00:00,SYSTEM,1299.300049,174.130005
2025-01-22 10:00:00,2025-01-22T11:00:00,SYSTEM,1342.650024,179.940002
2025-01-22 11:00:00,2025-01-22T12:00:00,SYSTEM,1216.469971,163.029999
2025-01-22 12:00:00,2025-01-22T13:00:00,SYSTEM,1236.469971,165.710007
2025-01-22 13:00:00,2025-01-22T14:00:00,SYSTEM,1305.709961,174.990005
2025-01-22 14:00:00,2025-01-22T15:00:00,SYSTEM,1441.51001,193.190002
2025-01-22 15:00:00,2025-01-22T16:00:00,SYSTEM,1450.02002,194.330002
2025-01-22 16:00:00,2025-01-22T17:00:00,SYSTEM,1532.550049,205.389999
2025-01-22 17:00:00,2025-01-22T18:00:00,SYSTEM,1305.790039,175.0
2025-01-22 18:00:00,2025-01-22T19:00:00,SYSTEM,1229.380005,164.759995
2025-01-22 19:00:00,2025-01-22T20:00:00,SYSTEM,960.690002,128.75
2025-01-22 20:00:00,2025-01-22T21:00:00,SYSTEM,842.789978,112.949997
2025-01-22 21:00:00,2025-01-22T22:00:00,SYSTEM,801.599976,107.43
2025-01-22 22:00:00,2025-01-22T23:00:00,SYSTEM,567.530029,76.059998
2025-01-22 23:00:00,2025-01-23T00:00:00,SYSTEM,574.090027,76.940002
2025-01-23 00:00:00,2025-01-23T01:00:00,SYSTEM,442.100006,59.25
2025-01-23 01:00:00,2025-01-23T02:00:00,SYSTEM,358.380005,48.029999
2025-01-23 02:00:00,2025-01-23T03:00:00,SYSTEM,348.899994,46.759998
2025-01-23 03:00:00,2025-01-23T04:00:00,SYSTEM,338.01001,45.299999
2025-01-23 04:00:00,2025-01-23T05:00:00,SYSTEM,373.0,49.990002
2025-01-23 05:00:00,2025-01-23T06:00:00,SYSTEM,742.5,99.510002
2025-01-23 06:00:00,2025-01-23T07:00:00,SYSTEM,929.190002,124.529999
2025-01-23 07:00:00,2025-01-23T08:00:00,SYSTEM,1126.030029,150.910004
2025-01-23 08:00:00,2025-01-23T09:00:00,SYSTEM,1053.579956,141.199997
2025-01-23 09:00:00,2025-01-23T10:00:00,SYSTEM,819.650024,109.849998
2025-01-23 10:00:00,2025-01-23T11:00:00,SYSTEM,787.200012,105.5
2025-01-23 11:00:00,2025-01-23T12:00:00,SYSTEM,694.369995,93.059998
2025-01-23 12:00:00,2025-01-23T13:00:00,SYSTEM,592.669983,79.43
2025-01-23 13:00:00,2025-01-23T14:00:00,SYSTEM,522.23999,69.989998
2025-01-23 14:00:00,2025-01-23T15:00:00,SYSTEM,447.619995,59.990002
2025-01-23 15:00:00,2025-01-23T16:00:00,SYSTEM,560.359985,75.099998
2025-01-23 16:00:00,2025-01-23T17:00:00,SYSTEM,598.869995,80.260002
2025-01-23 17:00:00,2025-01-23T18:00:00,SYSTEM,530.52002,71.099998
2025-01-23 18:00:00,2025-01-23T19:00:00,SYSTEM,440.679993,59.060001
2025-01-23 19:00:00,2025-01-23T20:00:00,SYSTEM,320.700012,42.98
2025-01-23 20:00:00,2025-01-23T21:00:00,SYSTEM,282.790009,37.900002
2025-01-23 21:00:00,2025-01-23T22:00:00,SYSTEM,263.470001,35.310001
2025-01-23 22:00:00,2025-01-23T23:00:00,SYSTEM,249.070007,33.380001
2025-01-23 23:00:00,2025-01-24T00:00:00,SYSTEM,242.770004,32.540001
2025-01-24 00:00:00,2025-01-24T01:00:00,SYSTEM,237.020004,31.77
2025-01-24 01:00:00,2025-01-24T02:00:00,SYSTEM,232.020004,31.1
2025-01-24 02:00:00,2025-01-24T03:00:00,SYSTEM,228.820007,30.67
2025-01-24 03:00:00,2025-01-24T04:00:00,SYSTEM,230.080002,30.84
2025-01-24 04:00:00,2025-01-24T05:00:00,SYSTEM,242.770004,32.540001
2025-01-24 05:00:00,2025-01-24T06:00:00,SYSTEM,264.179993,35.41
2025-01-24 06:00:00,2025-01-24T07:00:00,SYSTEM,339.980011,45.57
2025-01-24 07:00:00,2025-01-24T08:00:00,SYSTEM,419.730011,56.259998
2025-01-24 08:00:00,2025-01-24T09:00:00,SYSTEM,367.279999,49.23
2025-01-24 09:00:00,2025-01-24T10:00:00,SYSTEM,298.420013,40.0
2025-01-24 10:00:00,2025-01-24T11:00:00,SYSTEM,280.440002,37.59
2025-01-24 11:00:00,2025-01-24T12:00:00,SYSTEM,266.940002,35.779999
2025-01-24 12:00:00,2025-01-24T13:00:00,SYSTEM,260.079987,34.860001
2025-01-24 13:00:00,2025-01-24T14:00:00,SYSTEM,252.320007,33.82
2025-01-24 14:00:00,2025-01-24T15:00:00,SYSTEM,245.75,32.939999
2025-01-24 15:00:00,2025-01-24T16:00:00,SYSTEM,244.559998,32.779999
2025-01-24 16:00:00,2025-01-24T17:00:00,SYSTEM,242.839996,32.549999
2025-01-24 17:00:00,2025-01-24T18:00:00,SYSTEM,234.259995,31.4
2025-01-24 18:00:00,2025-01-24T19:00:00,SYSTEM,218.149994,29.24
2025-01-24 19:00:00,2025-01-24T20:00:00,SYSTEM,208.669998,27.969999
2025-01-24 20:00:00,2025-01-24T21:00:00,SYSTEM,178.309998,23.9
2025-01-24 21:00:00,2025-01-24T22:00:00,SYSTEM,136.080002,18.24
2025-01-24 22:00:00,2025-01-24T23:00:00,SYSTEM,88.110001,11.81
2025-01-24 23:00:00,2025-01-25T00:00:00,SYSTEM,53.57,7.18
2025-01-25 00:00:00,2025-01-25T01:00:00,SYSTEM,39.990002,5.36
2025-01-25 01:00:00,2025-01-25T02:00:00,SYSTEM,35.59,4.77
2025-01-25 02:00:00,2025-01-25T03:00:00,SYSTEM,34.919998,4.68
2025-01-25 03:00:00,2025-01-25T04:00:00,SYSTEM,35.82,4.8
2025-01-25 04:00:00,2025-01-25T05:00:00,SYSTEM,36.639999,4.91
2025-01-25 05:00:00,2025-01-25T06:00:00,SYSTEM,42.98,5.76
2025-01-25 06:00:00,2025-01-25T07:00:00,SYSTEM,67.599998,9.06
2025-01-25 07:00:00,2025-01-25T08:00:00,SYSTEM,87.449997,11.72
2025-01-25 08:00:00,2025-01-25T09:00:00,SYSTEM,97.889999,13.12
2025-01-25 09:00:00,2025-01-25T10:00:00,SYSTEM,109.089996,14.62
2025-01-25 10:00:00,2025-01-25T11:00:00,SYSTEM,99.010002,13.27
2025-01-25 11:00:00,2025-01-25T12:00:00,SYSTEM,92.970001,12.46
2025-01-25 12:00:00,2025-01-25T13:00:00,SYSTEM,93.419998,12.52
2025-01-25 13:00:00,2025-01-25T14:00:00,SYSTEM,94.089996,12.61
2025-01-25 14:00:00,2025-01-25T15:00:00,SYSTEM,104.239998,13.97
2025-01-25 15:00:00,2025-01-25T16:00:00,SYSTEM,170.5,22.85
2025-01-25 16:00:00,2025-01-25T17:00:00,SYSTEM,176.539993,23.66
2025-01-25 17:00:00,2025-01-25T18:00:00,SYSTEM,157.289993,21.08
2025-01-25 18:00:00,2025-01-25T19:00:00,SYSTEM,115.349998,15.46
2025-01-25 19:00:00,2025-01-25T20:00:00,SYSTEM,89.389999,11.98
2025-01-25 20:00:00,2025-01-25T21:00:00,SYSTEM,80.139999,10.74
2025-01-25 21:00:00,2025-01-25T22:00:00,SYSTEM,73.050003,9.79
2025-01-25 22:00:00,2025-01-25T23:00:00,SYSTEM,61.630001,8.26
2025-01-25 23:00:00,2025-01-26T00:00:00,SYSTEM,53.209999,7.13
2025-01-26 00:00:00,2025-01-26T01:00:00,SYSTEM,44.849998,6.01
2025-01-26 01:00:00,2025-01-26T02:00:00,SYSTEM,49.700001,6.66
2025-01-26 02:00:00,2025-01-26T03:00:00,SYSTEM,60.299999,8.08
2025-01-26 03:00:00,2025-01-26T04:00:00,SYSTEM,71.260002,9.55
2025-01-26 04:00:00,2025-01-26T05:00:00,SYSTEM,78.879997,10.57
2025-01-26 05:00:00,2025-01-26T06:00:00,SYSTEM,87.830002,11.77
2025-01-26 06:00:00,2025-01-26T07:00:00,SYSTEM,102.010002,13.67
2025-01-26 07:00:00,2025-01-26T08:00:00,SYSTEM,140.889999,18.879999
2025-01-26 08:00:00,2025-01-26T09:00:00,SYSTEM,164.619995,22.059999
2025-01-26 09:00:00,2025-01-26T10:00:00,SYSTEM,167.899994,22.5
2025-01-26 10:00:00,2025-01-26T11:00:00,SYSTEM,174.020004,23.32
2025-01-26 11:00:00,2025-01-26T12:00:00,SYSTEM,185.289993,24.83
2025-01-26 12:00:00,2025-01-26T13:00:00,SYSTEM,201.710007,27.030001
2025-01-26 13:00:00,2025-01-26T14:00:00,SYSTEM,215.809998,28.92
2025-01-26 14:00:00,2025-01-26T15:00:00,SYSTEM,228.050003,30.559999
2025-01-26 15:00:00,2025-01-26T16:00:00,SYSTEM,242.970001,32.560001
2025-01-26 16:00:00,2025-01-26T17:00:00,SYSTEM,248.869995,33.349998
2025-01-26 17:00:00,2025-01-26T18:00:00,SYSTEM,249.690002,33.459999
2025-01-26 18:00:00,2025-01-26T19:00:00,SYSTEM,244.240005,32.73
2025-01-26 19:00:00,2025-01-26T20:00:00,SYSTEM,235.809998,31.6
2025-01-26 20:00:00,2025-01-26T21:00:00,SYSTEM,227.380005,30.469999
2025-01-26 21:00:00,2025-01-26T22:00:00,SYSTEM,213.050003,28.549999
2025-01-26 22:00:00,2025-01-26T23:00:00,SYSTEM,96.709999,12.96
2025-01-26 23:00:00,2025-01-27T00:00:00,SYSTEM,218.419998,29.27
2025-01-27 00:00:00,2025-01-27T01:00:00,SYSTEM,171.630005,23.0
2025-01-27 01:00:00,2025-01-27T02:00:00,SYSTEM,80.290001,10.76
2025-01-27 02:00:00,2025-01-27T03:00:00,SYSTEM,49.549999,6.64
2025-01-27 03:00:00,2025-01-27T04:00:00,SYSTEM,61.189999,8.2
2025-01-27 04:00:00,2025-01-27T05:00:00,SYSTEM,104.550003,14.01
2025-01-27 05:00:00,2025-01-27T06:00:00,SYSTEM,217.669998,29.17
2025-01-27 06:00:00,2025-01-27T07:00:00,SYSTEM,266.929993,35.77
2025-01-27 07:00:00,2025-01-27T08:00:00,SYSTEM,284.23999,38.09
2025-01-27 08:00:00,2025-01-27T09:00:00,SYSTEM,267.899994,35.900002
2025-01-27 09:00:00,2025-01-27T10:00:00,SYSTEM,254.990005,34.169998
2025-01-27 10:00:00,2025-01-27T11:00:00,SYSTEM,246.179993,32.990002
2025-01-27 11:00:00,2025-01-27T12:00:00,SYSTEM,234.539993,31.43
2025-01-27 12:00:00,2025-01-27T13:00:00,SYSTEM,231.699997,31.049999
2025-01-27 13:00:00,2025-01-27T14:00:00,SYSTEM,242.600006,32.509998
2025-01-27 14:00:00,2025-01-27T15:00:00,SYSTEM,252.080002,33.779999
2025-01-27 15:00:00,2025-01-27T16:00:00,SYSTEM,256.399994,34.360001
2025-01-27 16:00:00,2025-01-27T17:00:00,SYSTEM,262.220001,35.139999
2025-01-27 17:00:00,2025-01-27T18:00:00,SYSTEM,256.850006,34.419998
2025-01-27 18:00:00,2025-01-27T19:00:00,SYSTEM,244.839996,32.810001
2025-01-27 19:00:00,2025-01-27T20:00:00,SYSTEM,230.210007,30.85
2025-01-27 20:00:00,2025-01-27T21:00:00,SYSTEM,223.270004,29.92
2025-01-27 21:00:00,2025-01-27T22:00:00,SYSTEM,212.75,28.51
2025-01-27 22:00:00,2025-01-27T23:00:00,SYSTEM,189.089996,25.34
2025-01-27 23:00:00,2025-01-28T00:00:00,SYSTEM,217.600006,29.16
2025-01-28 00:00:00,2025-01-28T01:00:00,SYSTEM,214.990005,28.809999
2025-01-28 01:00:00,2025-01-28T02:00:00,SYSTEM,210.809998,28.25
2025-01-28 02:00:00,2025-01-28T03:00:00,SYSTEM,216.779999,29.049999
2025-01-28 03:00:00,2025-01-28T04:00:00,SYSTEM,221.860001,29.73
2025-01-28 04:00:00,2025-01-28T05:00:00,SYSTEM,246.259995,33.0
2025-01-28 05:00:00,2025-01-28T06:00:00,SYSTEM,274.910004,36.84
2025-01-28 06:00:00,2025-01-28T07:00:00,SYSTEM,410.429993,55.0
2025-01-28 07:00:00,2025-01-28T08:00:00,SYSTEM,612.289978,82.050003
2025-01-28 08:00:00,2025-01-28T09:00:00,SYSTEM,681.76001,91.360001
2025-01-28 09:00:00,2025-01-28T10:00:00,SYSTEM,716.309998,95.989998
2025-01-28 10:00:00,2025-01-28T11:00:00,SYSTEM,703.630005,94.290001
2025-01-28 11:00:00,2025-01-28T12:00:00,SYSTEM,699.22998,93.699997
2025-01-28 12:00:00,2025-01-28T13:00:00,SYSTEM,734.900024,98.480003
2025-01-28 13:00:00,2025-01-28T14:00:00,SYSTEM,798.700012,107.029999
2025-01-28 14:00:00,2025-01-28T15:00:00,SYSTEM,823.25,110.32
2025-01-28 15:00:00,2025-01-28T16:00:00,SYSTEM,915.640015,122.699997
2025-01-28 16:00:00,2025-01-28T17:00:00,SYSTEM,928.169983,124.379997
2025-01-28 17:00:00,2025-01-28T18:00:00,SYSTEM,843.25,113.0
2025-01-28 18:00:00,2025-01-28T19:00:00,SYSTEM,792.799988,106.239998
2025-01-28 19:00:00,2025-01-28T20:00:00,SYSTEM,596.619995,79.949997
2025-01-28 20:00:00,2025-01-28T21:00:00,SYSTEM,456.029999,61.110001
2025-01-28 21:00:00,2025-01-28T22:00:00,SYSTEM,335.959991,45.02
2025-01-28 22:00:00,2025-01-28T23:00:00,SYSTEM,280.51001,37.59
2025-01-28 23:00:00,2025-01-29T00:00:00,SYSTEM,305.679993,40.959999
2025-01-29 00:00:00,2025-01-29T01:00:00,SYSTEM,282.850006,37.900002
2025-01-29 01:00:00,2025-01-29T02:00:00,SYSTEM,279.109985,37.400002
2025-01-29 02:00:00,2025-01-29T03:00:00,SYSTEM,279.040009,37.389999
2025-01-29 03:00:00,2025-01-29T04:00:00,SYSTEM,281.350006,37.700001
2025-01-29 04:00:00,2025-01-29T05:00:00,SYSTEM,301.209991,40.360001
2025-01-29 05:00:00,2025-01-29T06:00:00,SYSTEM,513.299988,68.779999
2025-01-29 06:00:00,2025-01-29T07:00:00,SYSTEM,929.140015,124.5
2025-01-29 07:00:00,2025-01-29T08:00:00,SYSTEM,1034.52002,138.619995
2025-01-29 08:00:00,2025-01-29T09:00:00,SYSTEM,928.23999,124.379997
2025-01-29 09:00:00,2025-01-29T10:00:00,SYSTEM,610.400024,81.790001
2025-01-29 10:00:00,2025-01-29T11:00:00,SYSTEM,505.170013,67.690002
2025-01-29 11:00:00,2025-01-29T12:00:00,SYSTEM,520.23999,69.709999
2025-01-29 12:00:00,2025-01-29T13:00:00,SYSTEM,500.839996,67.110001
2025-01-29 13:00:00,2025-01-29T14:00:00,SYSTEM,424.190002,56.84
2025-01-29 14:00:00,2025-01-29T15:00:00,SYSTEM,409.269989,54.84
2025-01-29 15:00:00,2025-01-29T16:00:00,SYSTEM,444.790009,59.599998
2025-01-29 16:00:00,2025-01-29T17:00:00,SYSTEM,410.309998,54.98
2025-01-29 17:00:00,2025-01-29T18:00:00,SYSTEM,401.959991,53.860001
2025-01-29 18:00:00,2025-01-29T19:00:00,SYSTEM,331.209991,44.380001
2025-01-29 19:00:00,2025-01-29T20:00:00,SYSTEM,283.589996,38.0
2025-01-29 20:00:00,2025-01-29T21:00:00,SYSTEM,278.670013,37.34
2025-01-29 21:00:00,2025-01-29T22:00:00,SYSTEM,270.980011,36.310001
2025-01-29 22:00:00,2025-01-29T23:00:00,SYSTEM,250.160004,33.52
2025-01-29 23:00:00,2025-01-30T00:00:00,SYSTEM,233.139999,31.24
2025-01-30 00:00:00,2025-01-30T01:00:00,SYSTEM,223.809998,29.99
2025-01-30 01:00:00,2025-01-30T02:00:00,SYSTEM,221.570007,29.690001
2025-01-30 02:00:00,2025-01-30T03:00:00,SYSTEM,220.679993,29.57
2025-01-30 03:00:00,2025-01-30T04:00:00,SYSTEM,230.600006,30.9
2025-01-30 04:00:00,2025-01-30T05:00:00,SYSTEM,259.26001,34.740002
2025-01-30 05:00:00,2025-01-30T06:00:00,SYSTEM,280.450012,37.580002
2025-01-30 06:00:00,2025-01-30T07:00:00,SYSTEM,381.350006,51.099998
2025-01-30 07:00:00,2025-01-30T08:00:00,SYSTEM,446.279999,59.799999
2025-01-30 08:00:00,2025-01-30T09:00:00,SYSTEM,485.980011,65.120003
2025-01-30 09:00:00,2025-01-30T10:00:00,SYSTEM,446.279999,59.799999
2025-01-30 10:00:00,2025-01-30T11:00:00,SYSTEM,381.420013,51.110001
2025-01-30 11:00:00,2025-01-30T12:00:00,SYSTEM,382.839996,51.299999
2025-01-30 12:00:00,2025-01-30T13:00:00,SYSTEM,376.279999,50.419998
2025-01-30 13:00:00,2025-01-30T14:00:00,SYSTEM,416.720001,55.84
2025-01-30 14:00:00,2025-01-30T15:00:00,SYSTEM,403.73999,54.099998
2025-01-30 15:00:00,2025-01-30T16:00:00,SYSTEM,501.130005,67.150002
2025-01-30 16:00:00,2025-01-30T17:00:00,SYSTEM,517.849976,69.389999
2025-01-30 17:00:00,2025-01-30T18:00:00,SYSTEM,382.839996,51.299999
2025-01-30 18:00:00,2025-01-30T19:00:00,SYSTEM,368.890015,49.43
2025-01-30 19:00:00,2025-01-30T20:00:00,SYSTEM,302.170013,40.490002
2025-01-30 20:00:00,2025-01-30T21:00:00,SYSTEM,285.299988,38.23
2025-01-30 21:00:00,2025-01-30T22:00:00,SYSTEM,275.149994,36.869999
2025-01-30 22:00:00,2025-01-30T23:00:00,SYSTEM,268.440002,35.970001
2025-01-30 23:00:00,2025-01-31T00:00:00,SYSTEM,264.299988,35.419998
2025-01-31 00:00:00,2025-01-31T01:00:00,SYSTEM,257.809998,34.549999
2025-01-31 01:00:00,2025-01-31T02:00:00,SYSTEM,256.390015,34.360001
2025-01-31 02:00:00,2025-01-31T03:00:00,SYSTEM,254.300003,34.080002
2025-01-31 03:00:00,2025-01-31T04:00:00,SYSTEM,256.76001,34.41
2025-01-31 04:00:00,2025-01-31T05:00:00,SYSTEM,272.059998,36.459999
2025-01-31 05:00:00,2025-01-31T06:00:00,SYSTEM,299.600006,40.150002
2025-01-31 06:00:00,2025-01-31T07:00:00,SYSTEM,455.25,61.009998
2025-01-31 07:00:00,2025-01-31T08:00:00,SYSTEM,456.0,61.110001
2025-01-31 08:00:00,2025-01-31T09:00:00,SYSTEM,410.630005,55.029999
2025-01-31 09:00:00,2025-01-31T10:00:00,SYSTEM,363.019989,48.650002
2025-01-31 10:00:00,2025-01-31T11:00:00,SYSTEM,333.170013,44.650002
2025-01-31 11:00:00,2025-01-31T12:00:00,SYSTEM,325.859985,43.669998
2025-01-31 12:00:00,2025-01-31T13:00:00,SYSTEM,328.029999,43.959999
2025-01-31 13:00:00,2025-01-31T14:00:00,SYSTEM,311.01001,41.68
2025-01-31 14:00:00,2025-01-31T15:00:00,SYSTEM,312.059998,41.82
2025-01-31 15:00:00,2025-01-31T16:00:00,SYSTEM,313.850006,42.060001
2025-01-31 16:00:00,2025-01-31T17:00:00,SYSTEM,310.859985,41.66
2025-01-31 17:00:00,2025-01-31T18:00:00,SYSTEM,307.429993,41.200001
2025-01-31 18:00:00,2025-01-31T19:00:00,SYSTEM,300.859985,40.32
2025-01-31 19:00:00,2025-01-31T20:00:00,SYSTEM,291.609985,39.080002
2025-01-31 20:00:00,2025-01-31T21:00:00,SYSTEM,289.75,38.830002
2025-01-31 21:00:00,2025-01-31T22:00:00,SYSTEM,271.089996,36.330002
2025-01-31 22:00:00,2025-01-31T23:00:00,SYSTEM,253.259995,33.939999
2025-01-31 23:00:00,2025-02-01T00:00:00,SYSTEM,263.559998,35.32
2025-02-01 00:00:00,2025-02-01T01:00:00,SYSTEM,250.720001,33.599998
2025-02-01 01:00:00,2025-02-01T02:00:00,SYSTEM,247.809998,33.209999
2025-02-01 02:00:00,2025-02-01T03:00:00,SYSTEM,241.100006,32.310001
2025-02-01 03:00:00,2025-02-01T04:00:00,SYSTEM,241.619995,32.380001
2025-02-01 04:00:00,2025-02-01T05:00:00,SYSTEM,244.610001,32.779999
2025-02-01 05:00:00,2025-02-01T06:00:00,SYSTEM,261.839996,35.09
2025-02-01 06:00:00,2025-02-01T07:00:00,SYSTEM,281.619995,37.740002
2025-02-01 07:00:00,2025-02-01T08:00:00,SYSTEM,294.899994,39.52
2025-02-01 08:00:00,2025-02-01T09:00:00,SYSTEM,299.679993,40.16
2025-02-01 09:00:00,2025-02-01T10:00:00,SYSTEM,297.73999,39.900002
2025-02-01 10:00:00,2025-02-01T11:00:00,SYSTEM,302.440002,40.529999
2025-02-01 11:00:00,2025-02-01T12:00:00,SYSTEM,303.480011,40.669998
2025-02-01 12:00:00,2025-02-01T13:00:00,SYSTEM,302.059998,40.48
2025-02-01 13:00:00,2025-02-01T14:00:00,SYSTEM,305.269989,40.91
2025-02-01 14:00:00,2025-02-01T15:00:00,SYSTEM,311.98999,41.810001
2025-02-01 15:00:00,2025-02-01T16:00:00,SYSTEM,343.929993,46.09
2025-02-01 16:00:00,2025-02-01T17:00:00,SYSTEM,373.100006,50.0
2025-02-01 17:00:00,2025-02-01T18:00:00,SYSTEM,373.100006,50.0
2025-02-01 18:00:00,2025-02-01T19:00:00,SYSTEM,340.269989,45.599998
2025-02-01 19:00:00,2025-02-01T20:00:00,SYSTEM,335.119995,44.91
2025-02-01 20:00:00,2025-02-01T21:00:00,SYSTEM,331.320007,44.400002
2025-02-01 21:00:00,2025-02-01T22:00:00,SYSTEM,319.600006,42.830002
2025-02-01 22:00:00,2025-02-01T23:00:00,SYSTEM,311.910004,41.799999
2025-02-01 23:00:00,2025-02-02T00:00:00,SYSTEM,319.529999,42.82
2025-02-02 00:00:00,2025-02-02T01:00:00,SYSTEM,316.399994,42.400002
2025-02-02 01:00:00,2025-02-02T02:00:00,SYSTEM,313.26001,41.98
2025-02-02 02:00:00,2025-02-02T03:00:00,SYSTEM,311.019989,41.68
2025-02-02 03:00:00,2025-02-02T04:00:00,SYSTEM,308.410004,41.330002
2025-02-02 04:00:00,2025-02-02T05:00:00,SYSTEM,311.320007,41.720001
2025-02-02 05:00:00,2025-02-02T06:00:00,SYSTEM,315.950012,42.34
2025-02-02 06:00:00,2025-02-02T07:00:00,SYSTEM,324.829987,43.529999
2025-02-02 07:00:00,2025-02-02T08:00:00,SYSTEM,325.799988,43.66
2025-02-02 08:00:00,2025-02-02T09:00:00,SYSTEM,339.149994,45.450001
2025-02-02 09:00:00,2025-02-02T10:00:00,SYSTEM,332.890015,44.610001
2025-02-02 10:00:00,2025-02-02T11:00:00,SYSTEM,335.049988,44.900002
2025-02-02 11:00:00,2025-02-02T12:00:00,SYSTEM,330.869995,44.34
2025-02-02 12:00:00,2025-02-02T13:00:00,SYSTEM,329.899994,44.209999
2025-02-02 13:00:00,2025-02-02T14:00:00,SYSTEM,331.619995,44.439999
2025-02-02 14:00:00,2025-02-02T15:00:00,SYSTEM,342.809998,45.939999
2025-02-02 15:00:00,2025-02-02T16:00:00,SYSTEM,396.309998,53.110001
2025-02-02 16:00:00,2025-02-02T17:00:00,SYSTEM,457.5,61.310001
2025-02-02 17:00:00,2025-02-02T18:00:00,SYSTEM,447.649994,59.990002
2025-02-02 18:00:00,2025-02-02T19:00:00,SYSTEM,444.369995,59.549999
2025-02-02 19:00:00,2025-02-02T20:00:00,SYSTEM,382.359985,51.240002
2025-02-02 20:00:00,2025-02-02T21:00:00,SYSTEM,403.25,54.040001
2025-02-02 21:00:00,2025-02-02T22:00:00,SYSTEM,349.529999,46.84
2025-02-02 22:00:00,2025-02-02T23:00:00,SYSTEM,335.649994,44.98
2025-02-02 23:00:00,2025-02-03T00:00:00,SYSTEM,325.869995,43.669998
2025-02-03 00:00:00,2025-02-03T01:00:00,SYSTEM,322.359985,43.200001
2025-02-03 01:00:00,2025-02-03T02:00:00,SYSTEM,321.320007,43.060001
2025-02-03 02:00:00,2025-02-03T03:00:00,SYSTEM,321.619995,43.099998
2025-02-03 03:00:00,2025-02-03T04:00:00,SYSTEM,325.130005,43.57
2025-02-03 04:00:00,2025-02-03T05:00:00,SYSTEM,330.570007,44.299999
2025-02-03 05:00:00,2025-02-03T06:00:00,SYSTEM,558.840027,74.889999
2025-02-03 06:00:00,2025-02-03T07:00:00,SYSTEM,865.76001,116.019997
2025-02-03 07:00:00,2025-02-03T08:00:00,SYSTEM,1063.800049,142.559998
2025-02-03 08:00:00,2025-02-03T09:00:00,SYSTEM,895.460022,120.0
2025-02-03 09:00:00,2025-02-03T10:00:00,SYSTEM,818.369995,109.669998
2025-02-03 10:00:00,2025-02-03T11:00:00,SYSTEM,775.690002,103.949997
2025-02-03 11:00:00,2025-02-03T12:00:00,SYSTEM,738.450012,98.959999
2025-02-03 12:00:00,2025-02-03T13:00:00,SYSTEM,754.200012,101.07
2025-02-03 13:00:00,2025-02-03T14:00:00,SYSTEM,755.169983,101.199997
2025-02-03 14:00:00,2025-02-03T15:00:00,SYSTEM,783.969971,105.059998
2025-02-03 15:00:00,2025-02-03T16:00:00,SYSTEM,895.22998,119.970001
2025-02-03 16:00:00,2025-02-03T17:00:00,SYSTEM,1007.460022,135.009995
2025-02-03 17:00:00,2025-02-03T18:00:00,SYSTEM,964.26001,129.220001
2025-02-03 18:00:00,2025-02-03T19:00:00,SYSTEM,954.780029,127.949997
2025-02-03 19:00:00,2025-02-03T20:00:00,SYSTEM,784.049988,105.07
2025-02-03 20:00:00,2025-02-03T21:00:00,SYSTEM,743.22998,99.599998
2025-02-03 21:00:00,2025-02-03T22:00:00,SYSTEM,471.609985,63.200001
2025-02-03 22:00:00,2025-02-03T23:00:00,SYSTEM,326.390015,43.740002
2025-02-03 23:00:00,2025-02-04T00:00:00,SYSTEM,350.26001,46.939999
2025-02-04 00:00:00,2025-02-04T01:00:00,SYSTEM,341.01001,45.700001
2025-02-04 01:00:00,2025-02-04T02:00:00,SYSTEM,334.670013,44.849998
2025-02-04 02:00:00,2025-02-04T03:00:00,SYSTEM,329.589996,44.169998
2025-02-04 03:00:00,2025-02-04T04:00:00,SYSTEM,328.769989,44.060001
2025-02-04 04:00:00,2025-02-04T05:00:00,SYSTEM,336.76001,45.130001
2025-02-04 05:00:00,2025-02-04T06:00:00,SYSTEM,447.48999,59.970001
2025-02-04 06:00:00,2025-02-04T07:00:00,SYSTEM,823.940002,110.419998
2025-02-04 07:00:00,2025-02-04T08:00:00,SYSTEM,1081.380005,144.919998
2025-02-04 08:00:00,2025-02-04T09:00:00,SYSTEM,643.440002,86.230003
2025-02-04 09:00:00,2025-02-04T10:00:00,SYSTEM,505.170013,67.699997
2025-02-04 10:00:00,2025-02-04T11:00:00,SYSTEM,457.410004,61.299999
2025-02-04 11:00:00,2025-02-04T12:00:00,SYSTEM,389.73999,52.23
2025-02-04 12:00:00,2025-02-04T13:00:00,SYSTEM,352.130005,47.189999
2025-02-04 13:00:00,2025-02-04T14:00:00,SYSTEM,341.529999,45.77
2025-02-04 14:00:00,2025-02-04T15:00:00,SYSTEM,336.459991,45.09
2025-02-04 15:00:00,2025-02-04T16:00:00,SYSTEM,329.440002,44.150002
2025-02-04 16:00:00,2025-02-04T17:00:00,SYSTEM,320.640015,42.970001
2025-02-04 17:00:00,2025-02-04T18:00:00,SYSTEM,312.799988,41.919998
2025-02-04 18:00:00,2025-02-04T19:00:00,SYSTEM,293.25,39.299999
2025-02-04 19:00:00,2025-02-04T20:00:00,SYSTEM,261.089996,34.990002
2025-02-04 20:00:00,2025-02-04T21:00:00,SYSTEM,234.300003,31.4
2025-02-04 21:00:00,2025-02-04T22:00:00,SYSTEM,155.880005,20.889999
2025-02-04 22:00:00,2025-02-04T23:00:00,SYSTEM,89.019997,11.93
2025-02-04 23:00:00,2025-02-05T00:00:00,SYSTEM,99.230003,13.3
2025-02-05 00:00:00,2025-02-05T01:00:00,SYSTEM,82.519997,11.06
2025-02-05 01:00:00,2025-02-05T02:00:00,SYSTEM,74.830002,10.03
2025-02-05 02:00:00,2025-02-05T03:00:00,SYSTEM,75.129997,10.07
2025-02-05 03:00:00,2025-02-05T04:00:00,SYSTEM,81.849998,10.97
2025-02-05 04:00:00,2025-02-05T05:00:00,SYSTEM,103.779999,13.91
2025-02-05 05:00:00,2025-02-05T06:00:00,SYSTEM,196.149994,26.290001
2025-02-05 06:00:00,2025-02-05T07:00:00,SYSTEM,292.100006,39.150002
2025-02-05 07:00:00,2025-02-05T08:00:00,SYSTEM,312.619995,41.900002
2025-02-05 08:00:00,2025-02-05T09:00:00,SYSTEM,313.290009,41.990002
2025-02-05 09:00:00,2025-02-05T10:00:00,SYSTEM,315.299988,42.259998
2025-02-05 10:00:00,2025-02-05T11:00:00,SYSTEM,305.679993,40.970001
2025-02-05 11:00:00,2025-02-05T12:00:00,SYSTEM,295.910004,39.66
2025-02-05 12:00:00,2025-02-05T13:00:00,SYSTEM,292.549988,39.209999
2025-02-05 13:00:00,2025-02-05T14:00:00,SYSTEM,288.070007,38.610001
2025-02-05 14:00:00,2025-02-05T15:00:00,SYSTEM,298.369995,39.990002
2025-02-05 15:00:00,2025-02-05T16:00:00,SYSTEM,312.769989,41.919998
2025-02-05 16:00:00,2025-02-05T17:00:00,SYSTEM,326.869995,43.810001
2025-02-05 17:00:00,2025-02-05T18:00:00,SYSTEM,328.140015,43.98
2025-02-05 18:00:00,2025-02-05T19:00:00,SYSTEM,325.149994,43.580002
2025-02-05 19:00:00,2025-02-05T20:00:00,SYSTEM,315.01001,42.220001
2025-02-05 20:00:00,2025-02-05T21:00:00,SYSTEM,315.079987,42.23
2025-02-05 21:00:00,2025-02-05T22:00:00,SYSTEM,298.440002,40.0
2025-02-05 22:00:00,2025-02-05T23:00:00,SYSTEM,279.339996,37.439999
2025-02-05 23:00:00,2025-02-06T00:00:00,SYSTEM,279.519989,37.470001
2025-02-06 00:00:00,2025-02-06T01:00:00,SYSTEM,272.279999,36.5
2025-02-06 01:00:00,2025-02-06T02:00:00,SYSTEM,277.51001,37.200001
2025-02-06 02:00:00,2025-02-06T03:00:00,SYSTEM,281.76001,37.77
2025-02-06 03:00:00,2025-02-06T04:00:00,SYSTEM,301.299988,40.389999
2025-02-06 04:00:00,2025-02-06T05:00:00,SYSTEM,332.779999,44.610001
2025-02-06 05:00:00,2025-02-06T06:00:00,SYSTEM,356.429993,47.779999
2025-02-06 06:00:00,2025-02-06T07:00:00,SYSTEM,404.619995,54.240002
2025-02-06 07:00:00,2025-02-06T08:00:00,SYSTEM,559.640015,75.019997
2025-02-06 08:00:00,2025-02-06T09:00:00,SYSTEM,448.410004,60.110001
2025-02-06 09:00:00,2025-02-06T10:00:00,SYSTEM,409.470001,54.889999
2025-02-06 10:00:00,2025-02-06T11:00:00,SYSTEM,388.880005,52.130001
2025-02-06 11:00:00,2025-02-06T12:00:00,SYSTEM,368.070007,49.34
2025-02-06 12:00:00,2025-02-06T13:00:00,SYSTEM,363.820007,48.77
2025-02-06 13:00:00,2025-02-06T14:00:00,SYSTEM,354.790009,47.560001
2025-02-06 14:00:00,2025-02-06T15:00:00,SYSTEM,355.910004,47.709999
2025-02-06 15:00:00,2025-02-06T16:00:00,SYSTEM,359.559998,48.200001
2025-02-06 16:00:00,2025-02-06T17:00:00,SYSTEM,360.01001,48.259998
2025-02-06 17:00:00,2025-02-06T18:00:00,SYSTEM,352.630005,47.27
2025-02-06 18:00:00,2025-02-06T19:00:00,SYSTEM,350.23999,46.950001
2025-02-06 19:00:00,2025-02-06T20:00:00,SYSTEM,346.880005,46.5
2025-02-06 20:00:00,2025-02-06T21:00:00,SYSTEM,344.570007,46.189999
2025-02-06 21:00:00,2025-02-06T22:00:00,SYSTEM,342.029999,45.849998
2025-02-06 22:00:00,2025-02-06T23:00:00,SYSTEM,322.790009,43.27
