unixtime,hour_utc,hour_dk,area,temp_mean_past1h,radia_glob_past1h,wind_speed_past1h,precip_past1h,pressure,humidity_past1h,cloud_cover
1672444800,2022-12-31 00:00:00,2022-12-31 01:00:00,ringsted,7.475,0.0,9.05,0.025,992.783,98.25,95.0
1672448400,2022-12-31 01:00:00,2022-12-31 02:00:00,ringsted,8.4,0.0,7.85,0.05,993.963,97.75,81.6667
1672452000,2022-12-31 02:00:00,2022-12-31 03:00:00,ringsted,9.075,0.0,7.175,0.05,994.638,95.5,74.5833
1672455600,2022-12-31 03:00:00,2022-12-31 04:00:00,ringsted,8.95,0.0,6.3,0.025,994.842,93.75,80.8333
1672459200,2022-12-31 04:00:00,2022-12-31 05:00:00,ringsted,8.6,0.0,6.175,0.0,995.258,93.25,71.25
1672462800,2022-12-31 05:00:00,2022-12-31 06:00:00,ringsted,8.475,0.0,5.825,0.0,995.533,94.0,48.3333
1672466400,2022-12-31 06:00:00,2022-12-31 07:00:00,ringsted,8.15,0.0,4.725,0.0,995.85,96.75,89.5833
1672470000,2022-12-31 07:00:00,2022-12-31 08:00:00,ringsted,8.1,0.0,4.2,0.0,996.129,97.5,90.8333
1672473600,2022-12-31 08:00:00,2022-12-31 09:00:00,ringsted,8.225,1.0,3.925,0.0,996.292,97.5,95.0
1672477200,2022-12-31 09:00:00,2022-12-31 10:00:00,ringsted,8.3,17.0,4.525,0.0,996.583,97.75,86.25
1672480800,2022-12-31 10:00:00,2022-12-31 11:00:00,ringsted,8.8,38.5,4.7,0.0,996.375,97.75,70.8333
1672484400,2022-12-31 11:00:00,2022-12-31 12:00:00,ringsted,9.1,50.5,4.425,0.0,995.921,98.25,89.1667
1672488000,2022-12-31 12:00:00,2022-12-31 13:00:00,ringsted,9.2,31.0,5.025,0.05,995.529,97.75,96.6667
1672491600,2022-12-31 13:00:00,2022-12-31 14:00:00,ringsted,9.2,30.0,5.6,0.1,995.088,97.75,95.8333
1672495200,2022-12-31 14:00:00,2022-12-31 15:00:00,ringsted,8.9,13.5,5.225,0.05,995.088,98.25,98.3333
1672498800,2022-12-31 15:00:00,2022-12-31 16:00:00,ringsted,8.5,4.0,3.925,0.375,995.167,99.0,99.1667
1672502400,2022-12-31 16:00:00,2022-12-31 17:00:00,ringsted,8.725,0.0,4.45,0.075,995.35,99.5,95.8333
1672506000,2022-12-31 17:00:00,2022-12-31 18:00:00,ringsted,9.475,0.0,5.45,0.05,995.708,99.5,97.5
1672509600,2022-12-31 18:00:00,2022-12-31 19:00:00,ringsted,10.0,0.0,6.5,0.025,996.392,98.0,95.8333
1672513200,2022-12-31 19:00:00,2022-12-31 20:00:00,ringsted,9.8,0.0,5.825,0.025,996.833,97.5,95.8333
1672516800,2022-12-31 20:00:00,2022-12-31 21:00:00,ringsted,9.475,0.0,4.825,0.1,997.346,98.25,95.0
1672520400,2022-12-31 21:00:00,2022-12-31 22:00:00,ringsted,9.275,0.0,4.175,0.625,997.279,99.0,95.8333
1672524000,2022-12-31 22:00:00,2022-12-31 23:00:00,ringsted,9.075,0.0,3.925,1.075,996.975,99.0,98.3333
1672527600,2022-12-31 23:00:00,2023-01-01 00:00:00,ringsted,9.025,0.0,3.575,1.875,996.596,99.25,96.6667
